{"cameraMode":{"drawMode":0,"name":"Shaded","section":"Shading Mode"},"sceneLighting":true,"audioPlay":false,"sceneViewState":{"m_AlwaysRefresh":false,"showFog":true,"showSkybox":true,"showFlares":true,"showImageEffects":true,"showParticleSystems":true,"showVisualEffectGraphs":true,"m_FxEnabled":true},"in2DMode":false,"pivot":{"x":-1.4158568382263184,"y":3.0325512886047365,"z":-54.51028823852539},"rotation":{"x":0.05615173652768135,"y":-0.6068861484527588,"z":0.043049007654190066,"w":0.7917134165763855},"size":3.688075542449951,"orthographic":false}