{"cameraMode":{"drawMode":0,"name":"Shaded","section":"Shading Mode"},"sceneLighting":true,"audioPlay":false,"sceneViewState":{"m_AlwaysRefresh":false,"showFog":true,"showSkybox":true,"showFlares":true,"showImageEffects":true,"showParticleSystems":true,"showVisualEffectGraphs":true,"m_FxEnabled":true},"in2DMode":false,"pivot":{"x":647.1511840820313,"y":262.6296691894531,"z":713.8812866210938},"rotation":{"x":-0.029679665341973306,"y":0.03201911225914955,"z":0.0008074800716713071,"w":0.9991905689239502},"size":989.5752563476563,"orthographic":false}