{"cameraMode":{"drawMode":0,"name":"Shaded","section":"Shading Mode"},"sceneLighting":true,"audioPlay":false,"sceneViewState":{"m_AlwaysRefresh":false,"showFog":true,"showSkybox":true,"showFlares":true,"showImageEffects":true,"showParticleSystems":true,"showVisualEffectGraphs":true,"m_FxEnabled":true},"in2DMode":false,"pivot":{"x":11.548436164855957,"y":-17.6329345703125,"z":12.913164138793946},"rotation":{"x":0.049355119466781619,"y":-0.6836123466491699,"z":0.04643106833100319,"w":0.7267493605613709},"size":16.355974197387697,"orthographic":true}