{"cameraMode":{"drawMode":0,"name":"Shaded","section":"Shading Mode"},"sceneLighting":true,"audioPlay":false,"sceneViewState":{"m_AlwaysRefresh":false,"showFog":true,"showSkybox":true,"showFlares":true,"showImageEffects":true,"showParticleSystems":true,"showVisualEffectGraphs":true,"m_FxEnabled":true},"in2DMode":false,"pivot":{"x":8.236455917358399,"y":-16.050907135009767,"z":11.699063301086426},"rotation":{"x":0.31651708483695986,"y":-0.06426424533128739,"z":0.02152552828192711,"w":0.9462082982063294},"size":16.355974197387697,"orthographic":true}