{"cameraMode":{"drawMode":0,"name":"Shaded","section":"Shading Mode"},"sceneLighting":true,"audioPlay":false,"sceneViewState":{"m_AlwaysRefresh":false,"showFog":true,"showSkybox":true,"showFlares":true,"showImageEffects":true,"showParticleSystems":true,"showVisualEffectGraphs":true,"m_FxEnabled":true},"in2DMode":false,"pivot":{"x":7.663218975067139,"y":4.142330646514893,"z":-24.459016799926759},"rotation":{"x":0.11246170103549957,"y":-0.6830213069915772,"z":0.10764052718877793,"w":0.7136010527610779},"size":12.786297798156739,"orthographic":false}